{"trn_metrics": {"train_loss": [[1.7791306883096696, 0.9462230056524277, 0.6712767496705055, 0.7893059492111206, 0.6779338702559471, 0.5790535598993302]], "train_accu": [72.725]}, "tst_metrics": {"test_accu": [[49.63119072708114]]}, "meta": {"log_step": 20, "train_bsize": 64}}